{"cameraMode":{"drawMode":0,"name":"Shaded","section":"Shading Mode"},"sceneLighting":false,"audioPlay":false,"sceneViewState":{"showFog":true,"showMaterialUpdate":false,"showSkybox":false,"showFlares":true,"showImageEffects":true,"showParticleSystems":true},"in2DMode":false,"pivot":{"x":3.2699999809265138,"y":2.25,"z":0.20000004768371583},"rotation":{"x":-0.2597840130329132,"y":-0.5999596118927002,"z":0.21479837596416474,"w":-0.7255878448486328},"size":10.258443832397461,"orthographic":false}