{"cameraMode":{"drawMode":0,"name":"Shaded","section":"Shading Mode"},"sceneLighting":false,"audioPlay":false,"sceneViewState":{"showFog":true,"showMaterialUpdate":false,"showSkybox":false,"showFlares":true,"showImageEffects":true,"showParticleSystems":true},"in2DMode":false,"pivot":{"x":0.0,"y":0.5218343734741211,"z":-8.940696716308594e-8},"rotation":{"x":0.4402083456516266,"y":0.05918747931718826,"z":-0.029095828533172609,"w":0.8954745531082153},"size":2.6768314838409426,"orthographic":false}