{"cameraMode":{"drawMode":0,"name":"Shaded","section":"Shading Mode"},"sceneLighting":false,"audioPlay":false,"sceneViewState":{"showFog":true,"showMaterialUpdate":false,"showSkybox":false,"showFlares":true,"showImageEffects":true,"showParticleSystems":true},"in2DMode":false,"pivot":{"x":-0.6475099325180054,"y":1.7525901794433594,"z":-3.0961685180664064},"rotation":{"x":0.007292560767382383,"y":0.8059229254722595,"z":-0.5924369096755981,"w":0.009799955412745476},"size":4.66254186630249,"orthographic":true}