{"cameraMode":{"drawMode":0,"name":"Shaded","section":"Shading Mode"},"sceneLighting":true,"audioPlay":false,"sceneViewState":{"showFog":true,"showMaterialUpdate":false,"showSkybox":true,"showFlares":true,"showImageEffects":true,"showParticleSystems":true},"in2DMode":false,"pivot":{"x":-10.323938369750977,"y":-3.349313735961914,"z":8.816431045532227},"rotation":{"x":0.3184342086315155,"y":-0.06675758957862854,"z":0.02249857783317566,"w":0.9453734755516052},"size":35.96849060058594,"orthographic":false}