{"cameraMode":{"drawMode":0,"name":"Shaded","section":"Shading Mode"},"sceneLighting":false,"audioPlay":false,"sceneViewState":{"showFog":true,"showMaterialUpdate":false,"showSkybox":false,"showFlares":true,"showImageEffects":true,"showParticleSystems":true},"in2DMode":false,"pivot":{"x":-4.734114646911621,"y":1.9886798858642579,"z":4.810537338256836},"rotation":{"x":0.12485396862030029,"y":-0.16735471785068513,"z":0.020960627123713495,"w":0.9780644774436951},"size":2.607966423034668,"orthographic":true}