{"cameraMode":{"drawMode":0,"name":"Shaded","section":"Shading Mode"},"sceneLighting":true,"audioPlay":false,"sceneViewState":{"showFog":true,"showMaterialUpdate":false,"showSkybox":true,"showFlares":true,"showImageEffects":true,"showParticleSystems":true},"in2DMode":false,"pivot":{"x":-7.2813591957092289,"y":1.3972996473312379,"z":8.892767906188965},"rotation":{"x":-0.2802545428276062,"y":-0.04807579889893532,"z":0.013987541198730469,"w":-0.9587084650993347},"size":16.72481918334961,"orthographic":true}